<?xml version="1.0"?>
<gameList>
	<game>
		<path>./od-commander.odc</path>
		<name>OD-Commander</name>
		<desc>A two-pane file manager, similar to Norton/Midnight commander, useful to manage all the /userdata files on your Batocera system.</desc>
		<image>./images/od-commander.png</image>
		<releasedate>20220410T000000</releasedate>
		<developer>glebm</developer>
		<genre>File manager</genre>
		<players>1</players>
		<playcount>0</playcount>
		<lastplayed></lastplayed>
		<gametime></gametime>
		<lang>en</lang>
	</game>
</gameList>
